# Daily Commit - Mon Oct 27 15:03:09 UTC 2025
# Daily Commit - Tue Oct 28 10:19:34 UTC 2025
# Daily Commit - Wed Oct 29 10:19:23 UTC 2025
# Daily Commit - Thu Oct 30 10:18:41 UTC 2025
# Daily Commit - Fri Oct 31 10:18:19 UTC 2025
# Daily Commit - Sat Nov  1 10:16:17 UTC 2025
# Daily Commit - Sun Nov  2 10:15:49 UTC 2025
# Daily Commit - Mon Nov  3 10:20:26 UTC 2025
# Daily Commit - Tue Nov  4 10:20:42 UTC 2025
# Daily Commit - Wed Nov  5 10:20:15 UTC 2025
# Daily Commit - Thu Nov  6 10:19:59 UTC 2025
# Daily Commit - Fri Nov  7 10:19:10 UTC 2025
# Daily Commit - Sat Nov  8 10:16:13 UTC 2025
# Daily Commit - Sun Nov  9 10:15:54 UTC 2025
# Daily Commit - Mon Nov 10 10:20:25 UTC 2025
# Daily Commit - Tue Nov 11 10:20:07 UTC 2025
# Daily Commit - Wed Nov 12 10:19:42 UTC 2025
